{
  "buy_url": "https://jup.ag/swap/SOL-MAWA",
  "social": { "telegram": "https://t.me/mawasolana", "x": "https://x.com/Mawathecroco" },
  "nav": { "features": "AI Features", "tokenomics": "Tokenomics", "roadmap": "Roadmap", "buy": "Buy $MAWA" },
  "hero": { "tag": "The First Living AI Bot for Communities", "title": "MAWA — AI, Interaction, Community", "description": "MAWA merges a next-gen AI community manager with a robust token ecosystem on Solana. More than a bot, a true AI member.", "buy_btn": "Buy on Jupiter", "tokenomics_btn": "Tokenomics", "contract": "SPL Contract" },
  "vision": { "title": "Our Vision: From Scripts to Soul", "text": "Today's communities grow fast, but their bots stay cold and scripted. MAWA changes everything by blending human warmth with AI intelligence. It speaks, jokes, moderates, and adapts, becoming the living soul of your group, powered by the $MAWA token." },
  "ai_features": {
    "title": "MAWA AI Core Features",
    "features": [
      { "emoji": "🛡️", "title": "Smart Moderation", "desc": "Proactively handles spam, scams, and toxic behavior to keep communities safe." },
      { "emoji": "🎉", "title": "Automatic Engagement", "desc": "Keeps chats alive with contextual memes, polls, quizzes, and fun replies." },
      { "emoji": "🎭", "title": "Adaptive Personality", "desc": "Speaks the language of your community, from crypto degens to professional gamers." },
      { "emoji": "🔊", "title": "Voice Interaction", "desc": "Talk to MAWA in real-time in voice channels, just like another member of the group." }
    ]
  },
  "project_demo": {
    "title": "Discover the Bot in Action",
    "tabs": [
      { "name": "Smart Moderation", "desc": "See how MAWA instantly detects and removes spam or malicious links, keeping the community clean and safe 24/7.", "video_url": "https://cdn.pixabay.com/video/2024/05/27/211515-9436113_large.mp4" },
      { "name": "Automatic Engagement", "desc": "Watch MAWA spark conversations by posting relevant memes, starting polls, or asking fun questions based on the chat's context.", "video_url": "https://cdn.pixabay.com/video/2024/04/18/206581-9333475_large.mp4" },
      { "name": "Adaptive Personality", "desc": "Visualize MAWA switching its tone and vocabulary, from professional in a support channel to casual and fun in a general chat.", "video_url": "https://cdn.pixabay.com/video/2023/09/13/178887-8631110_large.mp4" }
    ]
  },
  "tokenomics": { "title": "The $MAWA Ecosystem Token", "distribution": { "title": "Distribution", "items": [{ "label": "Liquidity Pool (DEX)", "value": "78%" }, { "label": "Vested Team/Advisors", "value": "2%" }, { "label": "Ecosystem & Marketing", "value": "20%" }] }, "parameters": { "title": "Token Parameters", "items": [{ "label": "Total Supply", "value": "1,000,000,000" }, { "label": "LP Lock", "value": "12 Months" }, { "label": "Tax", "value": "2%" }, { "label": "Utility", "value": "Payments, Staking, Governance" }] }},
  "roadmap": { "title": "Our Combined Roadmap", "phases": [ { "phase": "Phase 1: Foundation", "status": "COMPLETED", "desc": "Premium branding, website launch, and initial community building." }, { "phase": "Phase 2: AI Prototype & Growth", "status": "IN PROGRESS", "desc": "Launch basic AI bot for pilot testing; expand social engagement." }, { "phase": "Phase 3: Token Launch & Utility", "status": "PLANNED", "date": "2025-09-13", "desc": "Official $MAWA launch on Jupiter; integrate token for payments and premium features." } ]},
  "faq": { "title": "Frequently Asked Questions", "items": [{ "q": "Is MAWA an AI project or a memecoin?", "a": "Both. MAWA is fundamentally an AI technology project. The $MAWA token is the utility and governance token that powers its ecosystem." }] },
  "how_to_buy": { "title": "How to Buy $MAWA", "steps": [ "Install a Solana wallet (e.g., Phantom).", "Fund your wallet with SOL.", "Connect to Jupiter Aggregator and swap SOL for $MAWA." ], "link_text": "Buy on Jupiter" }
}
