{
  "buy_url": "https://jup.ag/swap/SOL-MAWA",
  "social": { "telegram": "https://t.me/mawasolana", "x": "https://x.com/Mawathecroco" },
  "nav": { "features": "Fonctionnalités IA", "tokenomics": "Tokenomics", "roadmap": "Roadmap", "buy": "Acheter $MAWA" },
  "hero": { "tag": "Le Premier Bot IA Vivant pour Communautés", "title": "MAWA — IA, Interaction, Communauté", "description": "MAWA fusionne un manager de communauté IA nouvelle génération avec un écosystème de token robuste sur Solana. Plus qu'un bot, un vrai membre IA.", "buy_btn": "Acheter sur Jupiter", "tokenomics_btn": "Tokenomics", "contract": "Contrat SPL" },
  "vision": { "title": "Notre Vision : Des Scripts à l'Âme", "text": "Les communautés d'aujourd'hui grandissent vite, mais leurs bots restent froids et scriptés. MAWA change tout en mêlant chaleur humaine et intelligence artificielle pour devenir l'âme vivante de votre groupe." },
  "ai_features": {
    "title": "Fonctionnalités Clés de l'IA MAWA",
    "features": [
      { "emoji": "🛡️", "title": "Modération Intelligente", "desc": "Gère proactivement le spam, les arnaques et les comportements toxiques pour sécuriser les communautés." },
      { "emoji": "🎉", "title": "Engagement Automatique", "desc": "Maintient les discussions actives avec des mèmes, sondages, et réponses amusantes." },
      { "emoji": "🎭", "title": "Personnalité Adaptative", "desc": "Parle le langage de votre communauté, des degens crypto aux joueurs professionnels." },
      { "emoji": "🔊", "title": "Interaction Vocale", "desc": "Parlez à MAWA en temps réel dans les canaux vocaux, comme avec un autre membre." }
    ]
  },
  "project_demo": {
    "title": "Découvrez le Bot en Action",
    "tabs": [
      { "name": "Modération Intelligente", "desc": "Voyez comment MAWA détecte et supprime instantanément le spam ou les liens malveillants, gardant la communauté sûre 24/7.", "video_url": "https://cdn.pixabay.com/video/2024/05/27/211515-9436113_large.mp4" },
      { "name": "Engagement Automatique", "desc": "Regardez MAWA lancer des conversations en postant des mèmes pertinents, des sondages ou des questions amusantes selon le contexte.", "video_url": "https://cdn.pixabay.com/video/2024/04/18/206581-9333475_large.mp4" },
      { "name": "Personnalité Adaptative", "desc": "Visualisez MAWA changeant de ton, passant d'un langage professionnel à un ton décontracté selon le salon de discussion.", "video_url": "https://cdn.pixabay.com/video/2023/09/13/178887-8631110_large.mp4" }
    ]
  },
  "tokenomics": { "title": "Le Token de l'Écosystème $MAWA", "distribution": { "title": "Distribution", "items": [{ "label": "Pool de Liquidité (DEX)", "value": "78%" }, { "label": "Équipe/Conseillers (Vested)", "value": "2%" }, { "label": "Écosystème & Marketing", "value": "20%" }] }, "parameters": { "title": "Paramètres du Token", "items": [{ "label": "Offre Totale", "value": "1,000,000,000" }, { "label": "Verrouillage LP", "value": "12 Mois" }, { "label": "Taxe", "value": "2%" }, { "label": "Utilité", "value": "Paiements, Staking, Gouvernance" }] }},
  "roadmap": { "title": "Notre Roadmap Combinée", "phases": [ { "phase": "Phase 1 : Fondation", "status": "TERMINÉ", "desc": "Branding premium, lancement du site web et création de la communauté initiale." }, { "phase": "Phase 2 : Prototype IA & Croissance", "status": "EN COURS", "desc": "Lancement du bot IA de base pour des tests pilotes ; expansion de l'engagement social." }, { "phase": "Phase 3 : Lancement Token & Utilité", "status": "PRÉVU", "date": "2025-09-13", "desc": "Lancement officiel de $MAWA sur Jupiter ; intégration du token pour les paiements." } ]},
  "faq": { "title": "Foire Aux Questions", "items": [{ "q": "MAWA est-il un projet d'IA ou un memecoin ?", "a": "Les deux. MAWA est un projet technologique d'IA, et le token $MAWA est le jeton d'utilité qui alimente son écosystème." }] },
  "how_to_buy": { "title": "Comment Acheter $MAWA", "steps": [ "Installez un portefeuille Solana (ex: Phantom).", "Alimentez votre portefeuille en SOL.", "Connectez-vous à Jupiter et échangez des SOL contre des $MAWA." ], "link_text": "Acheter sur Jupiter" }
}
